Nome popular;Nome científico;RENAME;Memento;Formulário 3ª ed;ABIFISA;Renisus;Farmacopeia 8ª ed
Abacate / Abacateiro;Persea americana / Persea gratissima;;;X;;X;X
Abacaxi;Ananas comosus;;;;;X;
Agnocasto;Vitex agnus-castus;;;X;;;
Agripalma;Leonurus cardiaca;;;X;;;
Alcachofra;Cynara scolymus / Cynara cardunculus;X;X;X;;X;X
Alcaçuz;Glycyrrhiza glabra / Glycyrrhiza inflata / Glycyrrhiza uralensis;;;X;;;X
Alecrim;Rosmarinus officinalis;;;X;;;X
Alecrim-pimenta;Lippia sidoides / Lippia origanoides;;X;X;;X;
Alfavacão / Alfavaca-cravo;Ocimum gratissimum;;;;X;X;
Alho;Allium sativum;;X;X;;X;X
Amor-crescido;Portulaca pilosa;;;;;X;
Amora;Morus sp.;;;;;X;
Andiroba;Carapa guianensis;;;;;X;
Anis / Erva-doce / Anis-doce;Pimpinella anisum;;;X;;;X
Anis-estrelado;Illicium verum;;;X;;;X
Arnica ;Arnica montana;;;X;;;X
Arnica-brasileira / Arnica-do-campo / Solidago;Solidago microglossa / Solidago chilensis;;;;;X;X
Aroeira / Aroeira-do-sertão;Schinus terebinthifolia Raddi / Myracrodruon urundeuva Allemão;X;;X;X;X;X
Arruda;Ruta graveolens;;;;;X;
Artemísia;Artemisia absinthium;;;;;X;
Assa-peixe;Vernonanthura membranacea / Vernonanthura polyanthes / Vernonia ruficoma / Vernonia polyanthes ;;;;;X;
Babaçú;Orbignya speciosa;;;;;X;
Babosa / Aloe;Aloe vera / Aloe barbadensis;X;X;X;;X;X
Barbatimão;Stryphnodendron adstringens / Stryphnodendron barbatimam;;X;X;;X;X
Bardana;Arctium lappa;;;X;;;
Boldo-baiano;Vernonia condensata;;;;;X;
Boldo-brasileiro / Falso-boldo / Boldo-africano / Boldo-nacional;Plectranthus barbatus Andrews / Coleus barbatus;;;X;;X;
Boldo-do-chile / Boldo;Peumus boldus Molina;;X;X;;;X
Caju / Cajueiro;Anacardium occidentale;;;X;;X;
Calêndula;Calendula officinalis;;X;X;;X;X
Camomila;Matricaria chamomilla / Chamomilla recutita / Matricaria recutita;;X;X;;X;X
Cana-do-brejo;Costus scaber / Costus spicatus;;;;;X;
Canela / Canela-do-ceilão;Cinnamomum verum / Cinnamomum zeylanicum;;;X;;;X
Capeba / Pariparoba / caapeba / capeua;Piper peltatum / Piper umbellatum / Pothomorphe peltata / Heckeria peltata / Peperomia umbellata / Heckeria umbellata;;;;X;;
Capim-limão / Capim-santo / Capim-cidró / Capim-cidreira;Cymbopogon citratus;;;X;;;X
Cardo-mariano;Silybum marianum / Carduus marianus;;;X;;;
Carqueja;Baccharis trimera;;;X;;X;X
Castanha-da-índia;Aesculus hippocastanum;;X;X;;;X
Cavalinha;Equisetum arvense;;X;X;;X;
Chambá;Justicia pectoralis;;;X;;X;X
"Chapéu-de-couro/ aguapé / chá-de-campanha / chá-do-brejo / chá-de-pobre / chá-mineiro /
congonha-do-brejo / erva-do-brejo / erva-do-pântano";Echinodorus grandiflorus / Echinodorus macrophyllus / Alisma grandiflorum / Alisma floribundum / Echinodorus argentinensis / Echinodorus sellowianus /  Echinodorus floribundus / Echinodorus grandiflorus / Echinodorus muricatus / Alisma macrophyllum / Echinodorus scaber;;;;X;;X
Cohosh-preto / Erva-de-são-cristóvão;Actaea racemosa;;X;;;;
Colônia;Alpinia zerumbet / Alpinia speciosa;;;X;;X;X
Confrei;Symphytum officinale ;;;X;;;
Copaíba;Copaifera spp.;;;;;X;
Crajiru;Fridericia chica;;;;;X;
Cranberry;Vaccinium macrocarpon Aiton;;;X;;;
Cravo-de-defunto;Tagetes minuta;;;;;X;
Cáscara-sagrada;Rhamnus purshiana / Frangula purshiana;X;X;;;X;X
Cúrcuma / Açafrão-da-terra;Curcuma longa / Curcuma domestica;;;X;;X;X
Dente-de-leão;Taraxacum officinale;;;X;;;
Equinácea;Echinacea purpurea / Echinacea angustifolia;;X;X;;;
Erva-baleeira/ Baleeira / camarinha / catinga-de-barão / córdia / baleeira-cambará / erva-preta / maria-milagrosa / maria-preta / salicínia / catinga-preta / maria-rezadeira / camaroneira-do-brejo;Cordia verbenacea / Varronia curassavica / Varronia verbenacea / Cordia curassavica / Cordia salicina / Cordia cylindristachya / Lithocardium salicinum / Lithocardium verbenaceum;;;X;X;X;
Erva-cidreira / Erva-cidreira de arbusto / Lípia;Lippia alba;;;X;;;
Erva-cidreira-do-paraguai / Aloisia;Aloysia polystachya;;;X;;;
Erva-de-bicho;Polygonum acre / Polygonum hydropiperoides;;;;;X;
Espinheira-santa;Monteverdia ilicifolia / Maytenus ilicifolia;X;X;X;;X;X
Espinheiro-branco / Pirliteiro / Cratego/ Carapeteiro;Crataegus monogyna / Crataegus laevigata/ Crataegus  rhipidophylla / Crataegus pentagyna/ Crataegus nigra/ Crataegus azarolus;;;X;;;X
Eucalipto;Eucalyptus globulus / Eucalyptus polybractea / Eucalyptus smithii;;;X;;X;X
Feverfew / Tanaceto;Tanacetum parthenium;;;X;;;
Folha-da-fortuna;Kalanchoe pinnata / Bryophyllum calycinum;;;;;X;
Funcho / Erva-doce / Funcho-amargo / Funcho-doce;Foeniculum vulgare Miller;;;X;;X;X
Garra-do-diabo;Harpagophytum procumbens / Harpagophytum zeyheri / Harpagophytum burchellii / Uncaria procumbens;X;X;X;;X;X
Gengibre;Zingiber officinale Roscoe;;X;X;;X;X
Ginkgo;Ginkgo biloba ;;X;;;;
Ginseng;Panax ginseng;;;X;;;
Goiaba / Goiabeira;Psidium guajava;;X;X;;X;X
Guaco / Guaco-cheiroso;Mikania glomerata / Mikania laevigata;X;;X;;X;X
Guaraná;Paullinia cupana Kunth;;X;X;;;X
Guaçatonga;Casearia sylvestris;;;X;;X;
Hamamélis;Hamamelis virginiana;;;X;;;X
Hipérico / Erva-de-são-joão;Hypericum perforatum;;X;;;;
Hortelã-Pimenta;Mentha piperita;X;;X;;;X
Ipê-roxo;Tabebuia avellanedeae;;;;;X;
Jambolão;Syzygium jambolanum / Syzygium cumini;;;;;X;
Jambu;Acmella oleracea;;;;X;;
Jucá / Pau-ferro;Libidibia ferrea / Caesalpinia ferrea ;;;X;;X;X
Jurubeba;Solanum paniculatum;;;;;X;
Kava-kava;Piper methysticum;;X;;;;
Laranja-amarga;Citrus aurantium;;;X;;;X
Lavanda / Alfazema;Lavandula angustifolia / Lavandula officinalis;;;X;;;
Macela;Achyrocline satureioides;;;X;;;X
Malva;Malva sylvestris;;;X;;X;X
Maracujá / Maracuja-amarelo / Maracuja-doce / Maracujá-azedo;Passiflora incarnata / Passiflora alata / Passiflora edulis / Granadilla incarnata / Passiflora kerii;;X;X;X;X;X
Marupari;Eleutherine plicata;;;;;X;
Mastruz;Chenopodium ambrosioides;;;;;X;
Melissa;Melissa officinalis;;;X;;;X
Melão-de-São-Caetano;Momordica charantia;;;;;X;
Mil-folhas / Mil-em-rama;Achillea millefolium;;;X;;X;
Milho;Zea mays;;;X;;;
Mirtilo;Vaccinium myrtillus;;;X;;;
Mulungu/ mulungu-do-litoral/ eritrina-candelabro/ amansa-senhor / árvore-de-coral / bico-de-papagaio / corticeira / flor-de-coral / corticeira-da-serra / corticeira-do-mato / sinhanduva;Erythrina mulungu / Erythrina velutina / Erythrina verna / Erythrina falcata / Erythrina speciosa / Chirocalyx velutinus / Corallodendron velutinum / Erythrina aculeatissima / Erythrina splendida / Corallodendron mulungu / Erythrina christinae / Erythrina flammea;;;X;X;X;
Oliveira / Oliva;Olea europaea;;;X;;;X
Pata-de-vaca / bauínia / capa-bode / casco-de-burro / casco-de-vaca / ceroula-de-homem / miroró / miriró / mororó / pata-de-boi / pata-de-veado / pé-de-boi / unha-de-anta / unha-de-boi / unha-de-boi-de-espinho / unha-de-vaca / unha-de-veado / Brazilian orchid-tree / cow’s-foot / pezuña de vaca / pesña de vaca;Bauhinia forficata / Bauhinia variegata / Bauhinia affinis;;;;X;X;
Picão-preto / Picão;Bidens pilosa;;;X;X;X;
Pinhão-roxo;Jatropha gossypiifolia;;;;;X;
Pitanga / Pitangueira;Eugenia uniflora;;;X;;X;X
Plantago / Psyllium;Plantago ovata / Plantago ispaghula;X;;;;;X
Poejo;Mentha pulegium;;;;;X;
Polígala;Polygala senega;;;X;;;X
Quebra-pedra;Phyllanthus amarus / Phyllanthus niruri / Phyllanthus tenellus / Phyllanthus urinaria;;;X;;X;X
Quássia;Quassia amara;;;;X;;
Romã / Romãzeira;Punica granatum;;;X;;X;X
Sabugueiro/ Sabugueiro-do-brasil;Sambucus nigra / Sambucus australis;;;X;;;X
Sacaca;Croton cajucara / Croton zehntneri;;;;;X;
Salgueiro / salgueiro-branco ;Salix alba / Salix purpurea / Salix daphnoides / Salix fragilis;X;;X;;X;X
Salsa;Petroselinum sativum;;;;;X;
Saw palmetto / Serenoa;Serenoa repens / Sabal serrulata;;X;X;;;
Sene;Senna alexandrina / Cassia acutifolia / Cassia angustifolia / Cassia senna;;X;;;;X
Soja / Isoflavona-de-soja;Glycine max;X;X;;;X;
Sálvia;Salvia officinalis;;;X;;;
Tanchagem / Plantago;Plantago major / Plantago lanceolata;;;X;;X;X
Terramicina (planta) / Perpétua-do-brasil / Sempre-viva;Alternanthera brasiliana ;;;X;;;
Trevo-vermelho;Trifolium pratense;;X;X;;X;
Unha-de-gato;Uncaria tomentosa;X;X;;;X;
Urtiga-branca;Lamium album;;;;;X;
Valeriana;Valeriana officinalis ;;X;X;;;X
Verônica-verdadeira;Dalbergia subcymosa;;;;;X;
Acônito;Aconitum napellus;;;;;;X
Algodão;Gossypium hirsutum;;;;;;X
Alteia;Althaea officinalis;;;;;;X
Ameixa;Prunus domestica;;;;;;X
Angico;Anadenanthera colubrina;;;;;;X
Bálsamo-de-tolu / Bálsamo-do-peru;Myroxylon balsamum;;;;;;X
Baunilha;Vanilla planifolia;;;;;;X
Beladona;Atropa belladonna;;;;;;X
Benjoim;Styrax benzoin;;;;;;X
Canela-da-china;Cinnamomum cassia / Cinnamomum aromaticum;;;;;;X
Cannabis;Cannabis sativa;;;;;;X
Cardamomo;Elettaria cardamomum;;;;;;X
Centela;Centella asiatica;;;;;;X
Cera de carnaúba;Copernicia prunifera / Copernicia cerifera;;;;;;X
Cipó-cabeludo;Mikania hirsutissima;;;;;;X
Coentro;Coriandrum sativum;;;;;;X
Cravo-da-índia;Syzygium aromaticum;;;;;;X
Endro;Anethum graveolens;;;;;;X
Estévia;Stevia rebaudiana;;;;;;X
Estramônio;Datura stramonium;;;;;;X
Eucalipto-limão;Corymbia citriodora / Eucalyptus citriodora;;;;;;X
Genciana;Gentiana lutea;;;;;;X
Girassol;Helianthus annuus;;;;;;X
Hidraste;Hydrastis canadensis;;;;;;X
Hortelã-do-brasil;Mentha arvensis;;;;;;X
Jaborandi;Pilocarpus microphyllus;;;;;;X
Jalapa;Operculina macrocarpa;;;;;;X
Laranja-doce;Citrus sinensis;;;;;;X
Limão;Citrus limon;;;;;;X
Manteiga de cacau;Theobroma cacao;;;;;;X
Meimendro;Hyoscyamus niger;;;;;;X
Melaleuca;Melaleuca alternifolia;;;;;;X
Noz-de-cola;Cola nitida / Cola vera;;;;;;X
Noz-moscada;Myristica fragrans;;;;;;X
Noz-vômica;Strychnos nux-vomica;;;;;;X
Palma-rosa;Cymbopogon martini;;;;;;X
Quilaia;Quillaja saponaria;;;;;;X
Quina-amarela;Cinchona calisaya;;;;;;X
Ratânia;Krameria lappacea / Krameria triandra;;;;;;X
Rauvolfia;Rauvolfia serpentina;;;;;;X
Ruibarbo;Rheum palmatum / Rheum officinale;;;;;;X
Tomilho;Thymus vulgaris;;;;;;X
Uva-ursi;Arctostaphylos uva-ursi;;;;;;X
Hortelã;Mentha crispa / Mentha piperita / Mentha villosa;;;;;X;