Nome_popular_buscado;Nome_cientifico_buscado;RENAME;Memento;Formulário.3ª.ed;ABIFISA;Renisus;Farmacopeia.8ª.ed;Variacoes_nome_popular_encontradas;Variacoes_nome_cientifico_encontradas;n_variacoes_populares_encontradas;n_variacoes_cientificas_encontradas
Abacate / Abacateiro;Persea americana / Persea gratissima;;;X;;X;X;"abacate; avocado; avocatier; aguacate; abacateiro; louro-abacate; palta";"Persea americana; Persea gratissima; Laurus persea; Persea drymifolia; Persea edulis; Persea floccosa; Persea gigantea; Laurus indica; Persea persea; Persea praecox";7;10
Abacaxi;Ananas comosus;;;;;X;;abacaxi;Ananas comosus;1;1
Agnocasto;Vitex agnus-castus;;;X;;;;"angola; agnocasto";"Vitex agnus-castus; Agnus-castus robusta; Agnus-castus vulgaris; Vitex agnus; Vitex xhybrida; Vitex integra; Vitex latifolia; Vitex lupinifolia; Vitex pseudonegundo; Vitex robusta; Vitex verticillata";2;11
Agripalma;Leonurus cardiaca;;;X;;;;agripalma;leonurus cardiaca;1;1
Alcachofra;Cynara scolymus / Cynara cardunculus;X;X;X;;X;X;"alcachofra; alcachofra-brava; alcachofa; alcaucil; alcachofra-comum; alcachofra-de-comer; alcachofra-hortense; alcachofra-rosa; cachofra";"Cynara cardunculus; Cynara scolymus";9;2
Alcaçuz;Glycyrrhiza glabra / Glycyrrhiza inflata / Glycyrrhiza uralensis;;;X;;;X;alcacuz;"Periandra mediterranea; Periandra dulcis; Glycinopsis mediterranea; Glycyrrhiza mediterranea; Periandra racemosa; Periandra angustifolia; Periandra angulata; Periandra mucronata; glycyrrhiza glabra; glycyrrhiza inflata; glycyrrhiza uralensis";1;11
Alecrim;Rosmarinus officinalis;;;X;;;X;"alecrim; rosemary; rosmarino; romarin; romero";"Rosmarinus officinalis; Rosmarinus latifolius";5;2
Alecrim-pimenta;Lippia sidoides / Lippia origanoides;;X;X;;X;;alecrim-pimenta;"Lippia origanoides; Lippia elegans; Lippia glandulosa; Lippia microphylla; Lippia rigida; Lippia schomburgkiana; Lippia velutina; Lippia salviaefolia; Lippia sidoides; Lippia affinis; Lippia candicans; Lippia mattogrossensis; Lippia obscura; Lippia pendula; Lippia rivalis; Lippia rubiginosa; Lippia berteri; Lippia polycephala";1;18
Alfavacão / Alfavaca-cravo;Ocimum gratissimum;;;;X;X;;"alfavacao; alfavaca-brava; alfavacao; alfavaca-cravo";Ocimum gratissimum;4;1
Alho;Allium sativum;;X;X;;X;X;"alho; alho-de-cabeca; alho-comum";Allium sativum;3;1
Amor-crescido;Portulaca pilosa;;;;;X;;amor-crescido;Portulaca pilosa;1;1
Amora;Morus sp.;;;;;X;;"amora; amoreira; white-mulberry; morera-blanca; murier-blanc; amora-branca; amora-preta; black-mulberry; murier-noir; morera-negra; amoreira-preta";"Morus alba; Morus nigra; Morus tatarica; Morus intermedia; Morus rubra; Morus australis; morus sp.";11;7
Andiroba;Carapa guianensis;;;;;X;;andiroba;"Carapa guianensis; Carapa macrocarpa; Guarea mucronulata";1;3
Anis / Erva-doce / Anis-doce;Pimpinella anisum;;;X;;;X;"anis; erva-doce; aniz; anis-doce";"Pimpinella anisum; Tragium anisum; Apium anisum; Anisum officinarum; Carum anisum; Sison anisum";4;6
Anis-estrelado;Illicium verum;;;X;;;X;"estrela-de-anis; anis-estrelado; aniz-estrelado";"Illicium verum; Illicium anisatum";3;2
Arnica ;Arnica montana;;;X;;;X;arnica;arnica montana;1;1
Arnica-brasileira / Arnica-do-campo / Solidago;Solidago microglossa / Solidago chilensis;;;;;X;X;"arnica-brasileira; erva-lanceta; arnica; espiga-de; arnica-do-campo; solidago";"Solidago chilensis; solidago microglossa";6;2
Aroeira / Aroeira-do-sertão;Schinus terebinthifolia Raddi / Myracrodruon urundeuva Allemão;X;;X;X;X;X;"almecega; aroeira; aroeira-do-sertao; urundeuva; aroeira-da-praia; aroeira-de-remedio; aroeira-mansa; aroeira-vermelha; urindeuva; aroeira-do-cerrado; pandeiro; aroeira-preta; aroeira-do-sertao";"Schinus terebinthifolius; Astronium urundeuva; Schinus terebinthifolia; Myracrodruon urundeuva; Astronium gardneri; schinus terebinthifolia raddi; myracrodruon urundeuva allemao";13;7
Arruda;Ruta graveolens;;;;;X;;"arruda; arruda-brava; jaborandi; espinheiro-preto; mamiqueira-fedorenta; pau-de-barrao; tabatinga; tamanqueira; cera-cozida; limaozinho-preto; maminha-preta";"Pilocarpus microphyllus; Ruta graveolens; Zanthoxylum caribaeum; Fagara caribaea; Fagara elephantiasis; Zanthoxylum elephantiasis";11;6
Artemísia;Artemisia absinthium;;;;;X;;"artemisia; artemeija; artemijo; artemiza; rainha-das-ervas; margaridinha; margaridinha-branca; macela-da-serra; olguinha; matricaria-cheirosa; artemisia; absinto; losna; losna-maior; losma; acinto; erva-santa; alvinia; alenjo; aluina; sintro; erva-de-santa-margarida; erva-dos-velhos; wormwood; absinthe; alvina; common-wormwood";"Artemisia scoparia; Tanacetum parthenium; Artemisia gracilis; Chrysanthemum parthenium; Matricaria parthenium; Pyrethrum parthenium; Artemisia absinthium; Artemisia absinthia";27;8
Assa-peixe;Vernonanthura membranacea / Vernonanthura polyanthes / Vernonia ruficoma / Vernonia polyanthes ;;;;;X;;assa-peixe;"Vernonanthura membranacea; Vernonanthura polyanthes; Vernonia ruficoma; Vernonia membranacea; Vernonia polyanthes; Vernonanthura phosphorica; Eupatorium polyanthes";1;7
Babaçú;Orbignya speciosa;;;;;X;;"babassu; coco-palmeira; palmeria; palmeira; babacu";"Attalea speciosa; Orbignya brejinhoensis; Orbignya oleifera; Attalea brejinhoensis; Attalea vitrivir; Attalea glassmanii; Attalea lydiae; Heptantra phalerata; Orbignya barbosiana; Orbignya cuci; Orbignya huebneri; Orbignya lydiae; Orbignya macropetala; Orbignya martiana; Orbignya phalerata; Orbignya speciosa";5;16
Babosa / Aloe;Aloe vera / Aloe barbadensis;X;X;X;;X;X;"babosa; babosa-medicinal; erva-babosa; babosa-comum; aloe";"Aloe vera; Aloe succotrina; Aloe barbadensis; Aloe perfoliata; Aloe maculata; Aloe vulgaris; Aloe soccotrina";5;7
Barbatimão;Stryphnodendron adstringens / Stryphnodendron barbatimam;;X;X;;X;X;"barbatimao; barba-de-timao; casca-da-virgindade; faveira; barbatimao-branco; barbatimao";"Stryphnodendron adstringens; Stryphnodendron barbatimam; Stryphnodendron barbadetiman";6;3
Bardana;Arctium lappa;;;X;;;;"bardana; lampazo; baldrame; bardana-maior; gobo; labaca; orelha-de-gigante; pega-pega; gobo; lampazo-mayor; lapa";"Arctium minus; Arctium lappa; Lappa minor; Lappa major";11;4
Boldo-baiano;Vernonia condensata;;;;;X;;"boldo-africano; boldo; boldo-baiano";"Gymnanthemum amygdalinum; Vernonia amygdalina; Vernonia condensata";3;3
Boldo-brasileiro / Falso-boldo / Boldo-africano / Boldo-nacional;Plectranthus barbatus Andrews / Coleus barbatus;;;X;;X;;"falso-boldo; boldo-brasileiro; boldo-de-jardim; boldo-africano; boldo; sete-dores; boldo-da-terra; tapete-de-oxala; boldo-nacional";"Coleus barbatus; Gymnanthemum amygdalinum; Plectranthus barbatus; Coleus grandis; Plectranthus grandis; Vernonia amygdalina; Vernonia condensata; Coleus speciosus; plectranthus barbatus andrews";9;9
Boldo-do-chile / Boldo;Peumus boldus Molina;;X;X;;;X;"boldo-africano; boldo; sete-dores; boldo-da-terra; boldo-de-jardim; tapete-de-oxala; boldo-do-chile";"Gymnanthemum amygdalinum; Coleus barbatus; Vernonia amygdalina; Vernonia condensata; Plectranthus barbatus; Coleus speciosus; peumus boldus molina";7;7
Caju / Cajueiro;Anacardium occidentale;;;X;;X;;"acajaiba; caju; caju-anao; cajueiro";"Anacardium occidentale; Anacardium amilcarianum; Anacardium kuhlmannianum; Anacardium microcarpum; Anacardium othonianum; Anacardium rondonianum; Anacardium curatellaefolium";4;7
Calêndula;Calendula officinalis;;X;X;;X;X;"malmequer-pequeno; verrucaria; margarida-dourada; bonina; calendula; flor-de-todos-os-males; malmequer; malmequer-do-jardim; maravilha; maravilha-dos-jardins; calendula";"Calendula officinalis; Calendula aurantiaca; Calendula eriocarpa; Calendula hydruntina; Calendula prolifera; Calendula ranunculodes; Calendula sinuata; Calendula santamariae; Caltha officinalis";11;9
Camomila;Matricaria chamomilla / Chamomilla recutita / Matricaria recutita;;X;X;;X;X;"camomila; camomila-dos-alemaes; camomila-vulgar; camomila-romana; macanilha; camomila-comum; camomila-verdadeira; camomila-legitima; matricaria; camomila-legitima";"Matricaria chamomilla; Matricaria recutita; Chamomilla recutita; Matricaria suaveolens";10;4
Cana-do-brejo;Costus scaber / Costus spicatus;;;;;X;;"cardamomo; cana-do-brejo; costus; cana-de-macaco; gengibre-espiral";"Elettaria cardamomum; Hellenia speciosa; Amomum cardamomum; Amomum racemosum; Cardamomum officinale; Cheilocostus speciosus; Banksea speciosa; Costus speciosus; Costus formosanus; Costus scaber; Costus spicatus; Costus cylindricus";5;12
Canela / Canela-do-ceilão;Cinnamomum verum / Cinnamomum zeylanicum;;;X;;;X;"caneleira-da-india; cinamomo; canela; canela-do-ceilao; canela-da-india; canela-de-tubo; canela-verdadeira; canela-do-ceilao";"Cinnamomum verum; Cinnamomum zeylanicum; Cinnamomum aromaticum; Cinnamomum iners; Laurus cinnamomum; Cinnamomum cinnamomum";8;6
Capeba / Pariparoba / caapeba / capeua;Piper peltatum / Piper umbellatum / Pothomorphe peltata / Heckeria peltata / Peperomia umbellata / Heckeria umbellata;;;;X;;;"caapeba; txu xan pei nimeraua; txu xan pei taxipa; capeba; pei huxupa; txu xan pei bainekia; txuxan pei bainekia txuxan; capeba-branca; pariparoba; capeua";"Piper peltatum; Piper umbellatum; Pothomorphe peltata; Pothomorphe scutata; Pothomorphe umbellata; Peperomia sidaefolia; Piper sidaefolium; Piper subpeltatum; Pothomorphe sidifolia; Pothomorphe dombeyana; Piper dombeyanum; Pothomorphe alleni; Peperomia umbellata; heckeria peltata; heckeria umbellata";10;15
Capim-limão / Capim-santo / Capim-cidró / Capim-cidreira;Cymbopogon citratus;;;X;;;X;"cidro; capim-santo; erva-cidreira; capim-cidreira; capim-cheiroso; capim-limao; capim-de-cheiro; capim-cidro; grama-cidreira; capim-citronela; patchuli; capim-cidrilho; vervena; patchuli-falso; lemon-grass; capim-limao; capim-cidro";"Cymbopogon citratus; Andropogon citratus; Andropogon ceriferus";17;3
Cardo-mariano;Silybum marianum / Carduus marianus;;;X;;;;"cardo-asnal; cardo-mariano; cardo-santo; silibina; silimarina";"Silybum marianum; Carduus marianus; Carduus mariae; Carthamus maculatum; Cirsium maculatum; Silybum maculatum; Mariana lactea; Mariana mariana; Silybum mariae";5;9
Carqueja;Baccharis trimera;;;X;;X;X;"carqueja; carqueja-amargosa";"Baccharis trimera; Baccharis cylindrica; Baccharis subcrispa; Molina trimera; Molina cylindrica; Baccharis genistelloides; Baccharis crispa; Baccharis triptera";2;8
Castanha-da-índia;Aesculus hippocastanum;;X;X;;;X;"castano-de-indias; castano-loco; castanha-da-india; castanheiro-da-india; horse-chestnut; conker-tree; marronnier-commun; mmarronnier-dinde; castanha-da-india";Aesculus hippocastanum;9;1
Cavalinha;Equisetum arvense;;X;X;;X;;"cavalinha; cavalinha-do-seco";"Equisetum hyemale; equisetum arvense";2;2
Chambá;Justicia pectoralis;;;X;;X;X;"takurushni; chamba";"Justicia pectoralis; Dianthera pectoralis; Stethoma pectoralis; Rhytiglossa pectoralis; Psacadocalymma pectorale; Ecbolium pectorale; Leptostachya pectoralis";2;7
"Chapéu-de-couro/ aguapé / chá-de-campanha / chá-do-brejo / chá-de-pobre / chá-mineiro /
congonha-do-brejo / erva-do-brejo / erva-do-pântano";Echinodorus grandiflorus / Echinodorus macrophyllus / Alisma grandiflorum / Alisma floribundum / Echinodorus argentinensis / Echinodorus sellowianus /  Echinodorus floribundus / Echinodorus grandiflorus / Echinodorus muricatus / Alisma macrophyllum / Echinodorus scaber;;;;X;;X;"chapeu-de-couro; golfe; chapeu-de-couro; aguape; cha-de-campanha; cha-do-brejo; cha-de-pobre; cha-mineiro; congonha-do-brejo; erva-do-brejo; erva-do-pantano";"Echinodorus grandiflorus; Echinodorus macrophyllus; Echinodorus floribundus; Echinodorus longiscapus; Echinodorus scaber; Alisma grandiflorum; Echinodorus argentinensis; Echinodorus floridanus; Aquarius grandiflorus; Alisma macrophyllum; Aquarius macrophyllus; Alisma floribundum; Echinodorus muricatus; Echinodorus punctatus; Aquarius floribundus; Echinodorus sellowianus; Aquarius longiscapus; Aquarius scaber";11;18
Cohosh-preto / Erva-de-são-cristóvão;Actaea racemosa;;X;;;;;"catole-da-terra-firme; cohosh-preto; erva-de-sao-cristovao";"Attalea racemosa; Attalea ferruginea; Orbignya racemosa; actaea racemosa";3;4
Colônia;Alpinia zerumbet / Alpinia speciosa;;;X;;X;X;"gengibre-concha; colonia";"Alpinia zerumbet; Costus zerumbet; alpinia speciosa";2;3
Confrei;Symphytum officinale ;;;X;;;;"confrei; consolida-maior; consolida-do-caucaso; erva-do-cardeal; lingua-de-vaca; orelha-de-vaca; confrei-russo; leite-vegetal; leite-vegetal-da-russia; orelha-de-burro; capim-roxo-da-russia";"Symphytum officinale; Symphytum asperum; Symphytum peregrinum; Symphytum asperrimum";11;4
Copaíba;Copaifera spp.;;;;;X;;copaiba;copaifera spp.;1;1
Crajiru;Fridericia chica;;;;;X;;"cajuru; carajiru; carajunu; carajuru; chica; cipo-cruz; cipo-pau; coa-piranga; crajiru; crajuru; cuica; guajuru; guajuru-piranga; guarajuru; oajuru; oajuru-piranga; paripari; pariri; piranga";"Fridericia chica; Adenocalymma portoricense; Arrabidaea acutifolia; Arrabidaea chica; Arrabidaea cuprea; Arrabidaea larensis; Arrabidaea rosea; Bignonia chica; Bignonia cuprea; Bignonia rosea; Bignonia rubescens; Bignonia rufescens; Bignonia thyrsoidea; Bignonia triphylla; Lundia chica; Temnocydia carajura; Vasconcellia acutifolia";20;17
Cranberry;Vaccinium macrocarpon Aiton;;;X;;;;cranberry;vaccinium macrocarpon aiton;1;1
Cravo-de-defunto;Tagetes minuta;;;;;X;;"chinchilho; cinchilho; cravo-de-defunto; cravo-do-mato; rabo-de-foguete; cravo-africano; estragao-mexicano";"Tagetes minuta; Tagetes erecta; Tagetes patula; Tagetes lucida; Tagetes glandulifera; Tagetes glandulosa; Tagetes porophyllum; Tagetes elongata; Tagetes remotiflora";7;9
Cáscara-sagrada;Rhamnus purshiana / Frangula purshiana;X;X;;;X;X;cascara-sagrada;"rhamnus purshiana; frangula purshiana";1;2
Cúrcuma / Açafrão-da-terra;Curcuma longa / Curcuma domestica;;;X;;X;X;"curcuma; acafrao-da-terra";"curcuma longa; curcuma domestica";2;2
Dente-de-leão;Taraxacum officinale;;;X;;;;"amargosa; dente-de-leao; dente-de-leao-dos-jardins; dente-de-leao";Taraxacum officinale;4;1
Equinácea;Echinacea purpurea / Echinacea angustifolia;;X;X;;;;"equinacea-purpura; equinacea; cometa-roxo; flor-roxa-conica; equinacea";"Echinacea purpurea; Echinacea angustifolia; Echinacea intermedia; Echinacea serotina; Rudbeckia serotina; Rudbeckia purpurea; Rudbeckia hispida; Rudbeckia aspera; Brauneria purpurea; Helichroa uniflora; Helichroa purpurea; Helichroa linnaeana; Helichroa fuscata; Helichroa fusca; Helichroa elatior; Helichroa crocea; Helichroa amoena; Helichroa alba; Lepachis purpurea";5;19
Erva-baleeira/ Baleeira / camarinha / catinga-de-barão / córdia / baleeira-cambará / erva-preta / maria-milagrosa / maria-preta / salicínia / catinga-preta / maria-rezadeira / camaroneira-do-brejo;Cordia verbenacea / Varronia curassavica / Varronia verbenacea / Cordia curassavica / Cordia salicina / Cordia cylindristachya / Lithocardium salicinum / Lithocardium verbenaceum;;;X;X;X;;"erva-baleeira; baleeira; camarinha; catinga-de-barao; cordia; baleeira-cambara; erva-preta; maria-milagrosa; maria-preta; salicinia; catinga-preta; maria-rezadeira; camaroneira-do-brejo";"Varronia curassavica; Cordia curassavica; Cordia intonsa; Cordia verbenacea; Varronia intonsa; Cordia salicina; varronia verbenacea; cordia cylindristachya; lithocardium salicinum; lithocardium verbenaceum";13;10
Erva-cidreira / Erva-cidreira de arbusto / Lípia;Lippia alba;;;X;;;;"carmelitana; cidreira; erva-cidreira; erva-cidreira de arbusto; lipia";Lippia alba;5;1
Erva-cidreira-do-paraguai / Aloisia;Aloysia polystachya;;;X;;;;"burrito; poejo-de-castela; erva-cidreira-do-paraguai; aloisia";"Aloysia polystachya; Lippia polystachya";4;2
Erva-de-bicho;Polygonum acre / Polygonum hydropiperoides;;;;;X;;erva-de-bicho;"Polygonum punctatum; Polygonum hydropiperoides; Polygonum acre; Polygonum epilobioides; Persicaria punctata; Persicaria hydropiperoides";1;6
Espinheira-santa;Monteverdia ilicifolia / Maytenus ilicifolia;X;X;X;;X;X;"todo-jeito; espinheira-santa; cangorosa";"Monteverdia ilicifolia; Monteverdia truncata; Maytenus ilicifolia; Maytenus officinalis; Maytenus muelleri; Maytenus macrodonta; Maytenus castaneiformis; Maytenus castaneaeformis; Maytenus acanthophylla; Maytenus truncata; Celastrus ilicifolius";3;11
Espinheiro-branco / Pirliteiro / Cratego/ Carapeteiro;Crataegus monogyna / Crataegus laevigata/ Crataegus  rhipidophylla / Crataegus pentagyna/ Crataegus nigra/ Crataegus azarolus;;;X;;;X;"pirliteiro; espinheiro-branco; cratego; carapeteiro";"Crataegus laevigata; crataegus monogyna; crataegus rhipidophylla; crataegus pentagyna; crataegus nigra; crataegus azarolus";4;6
Eucalipto;Eucalyptus globulus / Eucalyptus polybractea / Eucalyptus smithii;;;X;;X;X;"tasmanian-blue-gum; blue-gum-tree; southern-blue-gum; blue-gum; arvore-da-febre; eucalipto; eucalipto-azul; eucalipto-da-tasmania; eucalipto-da-febre; gameiro-azul; mogno-branco; gully-gum; gully-pepermint; blackbutt-peppermint; ironbark-peppermint";"Eucalyptus globulus; Eucalyptus smithii; Eucalyptus gigantea; Eucalyptus globulosus; Eucalyptus glauca; Eucalyptus pulverulenta; Eucalyptus perfoliata; Eucalyptus viminalis; eucalyptus polybractea";15;9
Feverfew / Tanaceto;Tanacetum parthenium;;;X;;;;"artemisia; artemeija; artemijo; artemiza; rainha-das-ervas; margaridinha; margaridinha-branca; macela-da-serra; olguinha; matricaria-cheirosa; feverfew; tanaceto";"Tanacetum parthenium; Chrysanthemum parthenium; Matricaria parthenium; Pyrethrum parthenium";12;4
Folha-da-fortuna;Kalanchoe pinnata / Bryophyllum calycinum;;;;;X;;"nei taitxa; folha-da-fortuna; saiao; arvore-da-felicidade; arvore-da-felicidade-macho; aralia-cortina";"Kalanchoe pinnata; Polyscias guilfoylei; Bryophyllum calycinum; Cotyledon pinnata; Bryophyllum pinnatum; Vereia pinnata; Verea pinnata; Crassula pinnata; Aralia guilfoylei; Panax laciniata";6;10
Funcho / Erva-doce / Funcho-amargo / Funcho-doce;Foeniculum vulgare Miller;;;X;;X;X;"erva-doce; funcho; funcho-de-cabeca; funcho-amargo; funcho-doce";"Foeniculum vulgare; Foeniculum cappilaceum; Foeniculum foeniculum; Anethum foeniculum; Foeniculum dulce; Foeniculum officinale; Foeniculum azoricum; foeniculum vulgare miller";5;8
Garra-do-diabo;Harpagophytum procumbens / Harpagophytum zeyheri / Harpagophytum burchellii / Uncaria procumbens;X;X;X;;X;X;"garra-do-diabo; devils-claw; unha-do-diabo";"Harpagophytum procumbens; Uncaria procumbens; harpagophytum zeyheri; harpagophytum burchellii";3;4
Gengibre;Zingiber officinale Roscoe;;X;X;;X;X;gengibre;"Zingiber officinale; zingiber officinale roscoe";1;2
Ginkgo;Ginkgo biloba ;;X;;;;;"ginkgo; arvore-avenca; nogueira-do-japao; arvore-dos-quarenta-escudos; arvore-dos-templos; gingo; arvore-da-vida; arvore-folha-de-avenca";"Ginkgo biloba; Salisburia adiantifolia; Salisburia biloba; Salisburia ginkgo";8;4
Ginseng;Panax ginseng;;;X;;;;ginseng;panax ginseng;1;1
Goiaba / Goiabeira;Psidium guajava;;X;X;;X;X;"goiaba; goiabeira";"Psidium guajava; Guajava pumila; Guajava pyrifera; Myrtus guajava; Psidium angustifolium; Psidium aromaticum; Psidium cujavillus; Psidium cujavus; Psidium fragrans; Psidium igatemyense; Psidium intermedium; Psidium pomiferum; Psidium prostratum; Psidium pumilum; Psidium pyriferum; Psidium sapidissimum; Psidium vulgare; Syzygium ellipticum; Psidium guayava";2;19
Guaco / Guaco-cheiroso;Mikania glomerata / Mikania laevigata;X;;X;;X;X;"guaco; guaco-cheiroso";"Mikania glomerata; Mikania laevigata; Mikania hatschbachii; Mikania scansoria";2;4
Guaraná;Paullinia cupana Kunth;;X;X;;;X;"guarana; guarana";"Paullinia cupana; Paullinia sorbilis; paullinia cupana kunth";2;3
Guaçatonga;Casearia sylvestris;;;X;;X;;"guacatonga; pau-de-lagarto";Casearia sylvestris;2;1
Hamamélis;Hamamelis virginiana;;;X;;;X;hamamelis;hamamelis virginiana;1;1
Hipérico / Erva-de-são-joão;Hypericum perforatum;;X;;;;;"erva-de-sao-joao; hipericao; mil-furada; hiperico; erva-de-sao-joao";Hypericum perforatum;5;1
Hortelã-Pimenta;Mentha piperita;X;;X;;;X;hortela-pimenta;Mentha piperita;1;1
Ipê-roxo;Tabebuia avellanedeae;;;;;X;;"ipe-preto; ipe-rosa; ipe-roxo";"Handroanthus impetiginosus; Gelseminum avellanedae; Handroanthus avellanedae; Tabebuia avellanedae; Tabebuia dugandii; Tabebuia impetiginosa; Tabebuia ipe; Tabebuia nicaraguensis; Tabebuia palmeri; Tabebuia schunkevigoi; Tecoma adenophylla; Tecoma avellanedae; Tecoma impetiginosa; Tecoma integra; Tecoma ipe; Tecoma impertiginosa; tabebuia avellanedeae";3;17
Jambolão;Syzygium jambolanum / Syzygium cumini;;;;;X;;"jambo; jambolao; jamelao; cereja; azeitona-doce; jambolao";"Syzygium cumini; Syzygium jambolanum; Siphoneugena aromatica; Eugenia jambolana; Myrtus cumini";6;5
Jambu;Acmella oleracea;;;;X;;;"jambu; agriao; jambu";"Acmella kalelii; Acmella oleracea; Spilanthes oleracea; Bidens fervida; Bidens fusca";3;5
Jucá / Pau-ferro;Libidibia ferrea / Caesalpinia ferrea ;;;X;;X;X;"juca; pau-ferro; juca";"Libidibia ferrea; Caesalpinia ferrea";3;2
Jurubeba;Solanum paniculatum;;;;;X;;jurubeba;"Solanum paniculatum; Solanum jubeba; Solanum macronema; Solanum manoelii; Solanum mutabile; Solanum belfort; Solanum botelho; Solanum brasilianum; Solanum chloroleucum";1;9
Kava-kava;Piper methysticum;;X;;;;;kava-kava;piper methysticum;1;1
Laranja-amarga;Citrus aurantium;;;X;;;X;"laranja-azeda; laranja-amarga; laranjeira-da-terra; seville-orange; bitter-orange; sour-orange; laranja-cavalo; laranja-da-terra; laranja; laranja-baia; laranja-pera; laranjeira; laranjeira-doce; laranja-comum; sweet-orange; laranjeira-da-china; laranja-doce";"Citrus sinensis; Citrus aurantium; Citrus vulgaris; Citrus bigaradia";17;4
Lavanda / Alfazema;Lavandula angustifolia / Lavandula officinalis;;;X;;;;"alfazema; lavanda; alfazema-brava; rosmaninho-maior; lavanda-portuguesa";"Lavandula angustifolia; Lavandula dentata; Lavandula canariensis; Lavandula pedunculata; Lavandula latifolia; Lavandula officinalis; Lavandula spica; Lavandula vera; Stoechas dentata; Lavandula abrotanoides; Stoechas pedunculata; Lavandula stoechas";5;12
Macela;Achyrocline satureioides;;;X;;;X;macela;Achyrocline satureioides;1;1
Malva;Malva sylvestris;;;X;;X;X;"malva-das-boticas; malva-grande; malva-silvestre; malva-verde; malva-de-casa; malva-das-hortas; malva-selvagem; malva-maior; mauve-verte; malva; malva-alta; malva-de-botica; malva-rosa; rosa-chinesa; rosa-marinha; malva-vulgar; malva-de-banho";"Malva sylvestris; Malva silvestris; Malva grossheimii; Malva erecta; Malva glabra; Malva hirsuta; Malva mauritiana; Malva obtusa; Malva vulgaris";17;9
Maracujá / Maracuja-amarelo / Maracuja-doce / Maracujá-azedo;Passiflora incarnata / Passiflora alata / Passiflora edulis / Granadilla incarnata / Passiflora kerii;;X;X;X;X;X;"maracuja-doce; maracuja-acu; flor-da-paixao; maracuja; maracuja-amarelo; maracuja-doce; maracuja-azedo";"Passiflora incarnata; Passiflora alata; Passiflora edulis; granadilla incarnata; passiflora kerii";7;5
Marupari;Eleutherine plicata;;;;;X;;"marupa; tiriricao; marupari";"Eleutherine bulbosa; eleutherine plicata";3;2
Mastruz;Chenopodium ambrosioides;;;;;X;;"mastruz; mastruco; erva-de-santa-maria; anserina-vermifuga; mata-cabra; canudo; erva-das-cobras; erva-das-lombrigas; erva-santa; lombrigueira; ambrosia; ambrosia-do-mexico; caacica; mentrusto; cha-do-mexico; wormseed; worm-seed; ambrisina; cambrosia; cha-dos-jesuitas; erva-do-formigueiro; erva-embrosia; erva-formigueira; mentrasto; mentruz; quenopodio";"Dysphania ambrosioides; Chenopodium ambrosioides; Chenopodium obovatum; Chenopodium spathulatum; Chenopodium anthelminticum; Chenopodium suffruticosum; Atriplex ambrosioides; Ambrina ambrosioides; Ambrina anthelmintica; Orthosporum ambrosioides; Orthosporum anthelminticum; Orthosporum suffruticosum; Atriplex anthelmintica; Ambrina spathulata";26;14
Melissa;Melissa officinalis;;;X;;;X;"erva-cidreira; cidreira; cidreira-verdadeira; melissa; cidrilha; meliteia; melissa-romana; cha-da-franca; cha-de-tabuleiro; erva-luisa; erva-cidreira-verdadeira; melisse; balm";"Melissa officinalis; Melissa altissima; Melissa cordifolia; Melissa foliosa; Melissa graveolens; Melissa hirsuta; Melissa occidentalis; Melissa romana";13;8
Melão-de-São-Caetano;Momordica charantia;;;;;X;;"melao-sao-caetano; melao-de-sao-caetano";Momordica charantia;2;1
Mil-folhas / Mil-em-rama;Achillea millefolium;;;X;;X;;"erva-dos-carpinteiros; feiteirinha; erva-de-cortaduras; erva-dos-carreteiros; novalgina; pronto-alivio; erva-dos-militares; erva-dos-soldados; erva-do-bom-deus; prazer-das-damas; erva-dos-golpes; milefolio; sanguinaria; nariz-sangrento; milefolio-em-rama; mil-folhas; mil-em-rama";Achillea millefolium;17;1
Milho;Zea mays;;;X;;;;"corn; milho; maize; maiz; ma""is";"Zea mays; Zea everta; Zea indurata; Zea indentata; Zea amylacea; Zea saccharata; Zea tunicata";5;7
Mirtilo;Vaccinium myrtillus;;;X;;;;"mirtilo; highbush-blueberry; mirtilo-highbush; uva-do-monte; common-blueberry; bilberry; arando; myrtille; mirtillo";"Vaccinium corymbosum; Vaccinium myrtillus; Vaccinium elliottii; Cyanococcus elliottii";9;4
Mulungu/ mulungu-do-litoral/ eritrina-candelabro/ amansa-senhor / árvore-de-coral / bico-de-papagaio / corticeira / flor-de-coral / corticeira-da-serra / corticeira-do-mato / sinhanduva;Erythrina mulungu / Erythrina velutina / Erythrina verna / Erythrina falcata / Erythrina speciosa / Chirocalyx velutinus / Corallodendron velutinum / Erythrina aculeatissima / Erythrina splendida / Corallodendron mulungu / Erythrina christinae / Erythrina flammea;;;X;X;X;;"mulungu; ceibo-rosado; bico-de-papagaio; ceibo-salteno; mulungu-do-litoral; eritrina-candelabro; amansa-senhor; arvore-de-coral; corticeira; flor-de-coral; corticeira-da-serra; corticeira-do-mato; sinhanduva";"Erythrina mulungu; Erythrina velutina; Erythrina verna; Erythrina falcata; Erythrina speciosa; Erythrina dominguezii; Erythrina martii; Erythrina reticulata; chirocalyx velutinus; corallodendron velutinum; erythrina aculeatissima; erythrina splendida; corallodendron mulungu; erythrina christinae; erythrina flammea";13;15
Oliveira / Oliva;Olea europaea;;;X;;;X;"oliveira; oliva; olivier";"Olea europaea; Olea verrucosa; Olea chrysophylla; Olea sativa";3;4
Pata-de-vaca / bauínia / capa-bode / casco-de-burro / casco-de-vaca / ceroula-de-homem / miroró / miriró / mororó / pata-de-boi / pata-de-veado / pé-de-boi / unha-de-anta / unha-de-boi / unha-de-boi-de-espinho / unha-de-vaca / unha-de-veado / Brazilian orchid-tree / cow’s-foot / pezuña de vaca / pesña de vaca;Bauhinia forficata / Bauhinia variegata / Bauhinia affinis;;;;X;X;;"pata-de-vaca; unha-de-vaca; pata-de-vaca-rosa; bauinia; capa-bode; casco-de-burro; casco-de-vaca; ceroula-de-homem; miroro; miriro; mororo; pata-de-boi; pata-de-veado; pe-de-boi; unha-de-anta; unha-de-boi; unha-de-boi-de-espinho; unha-de-veado; brazilian orchid-tree; cows-foot; pezuna de vaca; pesna de vaca";"Bauhinia forficata; Bauhinia variegata; Bauhinia affinis; Pauletia affinis";22;4
Picão-preto / Picão;Bidens pilosa;;;X;X;X;;"fura-capa; picao-preto; erva-picao; picao-do-campo; piolho-de-padre; cuambu; carrapicho-de-duas-pontas; macela-do-campo; goambu; picao; picao-preto; picao";"Bidens pilosa; Bidens pilosus; Bidens dichotoma; Bidens leucantha; Bidens pinnata; Coreopsis leucantha; Bidens hispida; Bidens reflexa; Bidens affinis; Bidens alausensis; Bidens chilensis; Bidens hirsuta; Bidens montaubani; Bidens odorata; Bidens scandicina; Bidens sundaica";12;16
Pinhão-roxo;Jatropha gossypiifolia;;;;;X;;"pinhao-roxo; piao-roxo; pinhao-roxo";"Jatropha gossypiifolia; Adenoropium elegans; Adenoropium gossypiifolium; Manihot gossypiifolia";3;4
Pitanga / Pitangueira;Eugenia uniflora;;;X;;X;X;"pitangueira; pitanga";Eugenia uniflora;2;1
Plantago / Psyllium;Plantago ovata / Plantago ispaghula;X;;;;;X;"plantago; psyllium";"plantago ovata; plantago ispaghula";2;2
Poejo;Mentha pulegium;;;;;X;;"tomilho; common-thyme; garden-thyme; poejo; thym";"Thymus vulgaris; Mentha pulegium";5;2
Polígala;Polygala senega;;;X;;;X;poligala;polygala senega;1;1
Quebra-pedra;Phyllanthus amarus / Phyllanthus niruri / Phyllanthus tenellus / Phyllanthus urinaria;;;X;;X;X;"erva-pombinha; quebra-pedra";"Moeroris amara; Phyllanthus niruri; Moeroris stipulata; Emblica urinaria; Phyllanthus amarus; Diasperus chlorophaeus; Diasperus lathyroides; Diasperus microphyllus; Diasperus niruri; Niruris annua; Nymphanthus niruri; Phyllanthus stipulatus; Phyllanthus urinaria; Phyllanthus tenellus; Diasperus tenellus";2;15
Quássia;Quassia amara;;;;X;;;quassia;"Quassia amara; Quassia officinalis";1;2
Romã / Romãzeira;Punica granatum;;;X;;X;X;"roma; piqui-amarelo; loro; pau-de-bicho; dedalinho; dedaleira-amarela; louro-da-serra; mangabeira-brava; louro-de-sao-paulo; mirindiba-bagre; mirindiba-rosa; pomegranate; roma; granaatappel; grenade; romazeira";"Lafoensia vandelliana; Lafoensia microphylla; Lafoensia kielmeyeraefolia; Lafoensia emarginata; Lafoensia pacari; Lafoensia replicata; Lafoensia petiolata; Lafoensia illustris; Lafoensia sellowiana; Punica granatum";16;10
Sabugueiro/ Sabugueiro-do-brasil;Sambucus nigra / Sambucus australis;;;X;;;X;"sabugueiro; sabugueira; sabugueiro-do-brasil";"Sambucus australis; Sambucus mexicana; Sambucus nigra; Sambucus canadensis";3;4
Sacaca;Croton cajucara / Croton zehntneri;;;;;X;;"cinzeiro-da-casca-fresca; cinzeiro-da-terra-fresca; sacaca; mucuri-branco; marassacaca; alecrim-de-cabocla; canelinha";"Symplocos nitens; Croton cajucara; Symplocos claussenii; Croton seputubensis; Oxydectes cajucara; Croton grewioides; Croton zehntneri; Croton glycosmeus; Oxydectes grewioides";7;9
Salgueiro / salgueiro-branco ;Salix alba / Salix purpurea / Salix daphnoides / Salix fragilis;X;;X;;X;X;"chorao-branco; chorao-aurea; salgueiro; salgueiro-branco; white-willow; salgueiro-de-casca-roxa";"Salix alba; Salix purpurea; salix daphnoides; salix fragilis";6;4
Salsa;Petroselinum sativum;;;;;X;;"salsa; salsinha; cheiro-verde; salsa-comum; salsa-hortense";"Petroselinum crispum; Apium petroselinum; Wydleria portoricensis; Apium crispum; Petroselinum sativum; Carum petroselinum";5;6
Saw palmetto / Serenoa;Serenoa repens / Sabal serrulata;;X;X;;;;"serenoa; saw palmetto";"Serenoa repens; Corypha repens; Brahea serrulata; Chamaerops serrulata; sabal serrulata";2;5
Sene;Senna alexandrina / Cassia acutifolia / Cassia angustifolia / Cassia senna;;X;;;;X;sene;"Senna alexandrina; Tovomitopsis saldanhae; Ditassa angustifolia; Chamaecrista semaphora; Chamaecrista venatoria; Chamaecrista dentata; Senna pentagonia; Clusia angustifolia; Chrysochlamys saldanhae; Ditassa bolivarensis; Cassia semaphora; Cassia venatoria; Cassia dentata; Cassia pentagonia; cassia acutifolia; cassia angustifolia; cassia senna";1;17
Soja / Isoflavona-de-soja;Glycine max;X;X;;;X;;"soja; feijao-china; feijao-chines; feijao-soja; soy; soybean; soya-bean; frijol-soya; isoflavona-de-soja";"Glycine max; Phaseolus max; Glycine hispida; Soja hispida; Glycine soja; Glycine javanica; Dolichos soja; Soja japonica";9;8
Sálvia;Salvia officinalis;;;X;;;;"Salvia-comum; Cha-da-Grecia; Salvia-das-boticas; salvia";Salvia officinalis;4;1
Tanchagem / Plantago;Plantago major / Plantago lanceolata;;;X;;X;X;"plantagem; tanchagem; tanchagem-maior; plantago";"Plantago major; Plantago sinuata; Plantago lanceolata";4;3
Terramicina (planta) / Perpétua-do-brasil / Sempre-viva;Alternanthera brasiliana ;;;X;;;;"sempre-viva-pe-de-ouro; sempre-viva-maxi; sempre-viva; flor-de-palha; rodante; flor-de-cetim; margarida-de-papel; flor-seca; terramicina; perpetua-do-brasil";"Comanthera elegans; Xerochrysum bracteatum; Rhodanthe manglesii; Paepalanthus versatilis; Paepalanthus aulociliatus; Paepalanthus myriothrixus; Paepalanthus cupreus; Syngonanthus elegans; Syngonanthus barbatus; Dupatya elegans; Eriocaulon elegans; Paepalanthus elegans; Helichrysum bracteatum; Xeranthemum bracteatum; Helipterum manglesii; Alternanthera brasiliana; Telanthera ramosissima; Telanthera dentata; Telanthera brasiliana; Gomphrena brasiliana";10;20
Trevo-vermelho;Trifolium pratense;;X;X;;X;;trevo-vermelho;Trifolium pratense;1;1
Unha-de-gato;Uncaria tomentosa;X;X;;;X;;"unha-de-gato; espera-ai";"Uncaria tomentosa; Cinchona globifera; Nauclea aculeata; Nauclea polycephala; Nauclea surinamensis; Nauclea tomentosa; Ourouparia tomentosa; Uncaria surinamensis";2;8
Urtiga-branca;Lamium album;;;;;X;;"lamium; urtiga-branca; lamio-branco; urtiga-de-abelha";Lamium album;4;1
Valeriana;Valeriana officinalis ;;X;X;;;X;"erva-de-gato; valeriana";"Valeriana officinalis; Valeriana alternifolia; Valeriana excelsa; Valeriana collina; Valeriana dubia; Valeriana hispidula; Valeriana major; Valeriana pinnata; Valeriana procurrens; Valeriana repens; Valeriana stolonifera; Valeriana sylvestris; Valeriana tenuissima";2;13
Verônica-verdadeira;Dalbergia subcymosa;;;;;X;;"veronica; veronica-verdadeira";Dalbergia subcymosa;2;1
Acônito;Aconitum napellus;;;;;;X;aconito;aconitum napellus;1;1
Algodão;Gossypium hirsutum;;;;;;X;"algodao; cotton; american-cotton; algodoeiro; algodoeiro-americano; algodon; algodao";"Gossypium hirsutum; Gossypium religiosum; Gossypium pubescens; Gossypium marie-galante; Gossypium purpurascens";7;5
Alteia;Althaea officinalis;;;;;;X;"malva-rosa; malvarisco; alteia";"Alcea rosea; Althaea rosea; althaea officinalis";3;3
Ameixa;Prunus domestica;;;;;;X;"ameixa; mamao-de-bode; caretinha; folha-de-serra; serrinha; ameixa-comum; ameixa-preta; ameixa-europeia; ameixa-japonesa";"Chrysophyllum arenarium; Paradrypetes ilicifolia; Prunus domestica; Prunus salicina; Cynodendron glazioui; Villocuspis glazioui; Prunus communis";9;7
Angico;Anadenanthera colubrina;;;;;;X;angico;Anadenanthera colubrina;1;1
Bálsamo-de-tolu / Bálsamo-do-peru;Myroxylon balsamum;;;;;;X;"balsamo; cumaru; balsamo-de-tolu; balsamo-do-peru";Myroxylon balsamum;4;1
Baunilha;Vanilla planifolia;;;;;;X;"vanille; vanilla; vanille-orchidee; vanillier; vanilla pod; vanilla orchid; baunilha; baunilheira; vainilla; vanilla bean";"Vanilla planifolia; Notylia sylvestris; Myrobroma fragrans; Notylia sativa; Vanilla fragrans; Vanilla sativa; Vanilla sylvestris; Vanilla viridiflora; Vanilla rubra; Epidendrum rubrum";10;10
Beladona;Atropa belladonna;;;;;;X;beladona;atropa belladonna;1;1
Benjoim;Styrax benzoin;;;;;;X;"mucuna; cipo-de-mufumbo; benjoim; benjoim-rana";"Prionostemma asperum; Hippocratea aspera; Hippocratea malpighiaefolia; Prionostemma aspera; styrax benzoin";4;5
Canela-da-china;Cinnamomum cassia / Cinnamomum aromaticum;;;;;;X;"caneleira-da-india; cinamomo; canela; canela-do-ceilao; canela-da-india; canela-de-tubo; canela-verdadeira; canela-da-china";"Phoebe cathia; Cinnamomum verum; Cinnamomum cathia; Cinnamomum zeylanicum; Cinnamomum aromaticum; Cinnamomum iners; Laurus cinnamomum; Cinnamomum cinnamomum; cinnamomum cassia";8;9
Cannabis;Cannabis sativa;;;;;;X;"maconha; canhamo; canhamo-verdadeiro; cannabis";"Cannabis sativa; Cannabis americana; Cannabis chinensis; Cannabis erratica; Cannabis foetens; Cannabis generalis; Cannabis gigantea; Cannabis indica; Cannabis kafiristanica; Cannabis lupulus; Cannabis macrosperma; Cannabis ruderalis; Cannabis intersita";4;13
Cardamomo;Elettaria cardamomum;;;;;;X;"cardamomo; cana-do-brejo";"Elettaria cardamomum; Amomum cardamomum; Amomum racemosum; Cardamomum officinale";2;4
Centela;Centella asiatica;;;;;;X;centela;"Centella asiatica; Hydrocotyle asiatica; Hydrocotyle inaequipes; Hydrocotyle brasiliensis; Hydrocotyle biflora; Centella hirtella; Centella biflora; Centella dusenii";1;8
Cera de carnaúba;Copernicia prunifera / Copernicia cerifera;;;;;;X;"carnauba; cera de carnauba";"Copernicia prunifera; Arrudaria cerifera; Copernicia cerifera; Corypha cerifera; Palma prunifera";2;5
Cipó-cabeludo;Mikania hirsutissima;;;;;;X;"cipo-cabeludo; cipo-cabeludo";Mikania hirsutissima;2;1
Coentro;Coriandrum sativum;;;;;;X;"coentro; cuentro; coendro; coentro-das-hortas; coriandro; coriander; cilantro; culantro";Coriandrum sativum;8;1
Cravo-da-índia;Syzygium aromaticum;;;;;;X;"cravo-da-india; craveiro-da-india; cravo-da-india";"Syzygium aromaticum; Caryophyllus aromaticus";3;2
Endro;Anethum graveolens;;;;;;X;"endio; aneto; endao; endro";Anethum graveolens;4;1
Estévia;Stevia rebaudiana;;;;;;X;estevia;"Stevia rebaudiana; Eupatorium rebaudianum";1;2
Estramônio;Datura stramonium;;;;;;X;"estramonio; figueira-brava; figueira-do-inferno";"Datura stramonium; Datura nigra; Stramonium vulgatum; Datura tatula; Datura pseudostramonium; Datura inermis; Stramonium foetidum; Stramonium spinosum";3;8
Eucalipto-limão;Corymbia citriodora / Eucalyptus citriodora;;;;;;X;"lemon-scented-spotted-gum; lemon-scented-gum-tree; spotted-gum; eucalipto-limao; lemon-scented-gum; eucalipto; eucalipto-citriodora; eucalipto-limao";"Corymbia citriodora; Eucalyptus citriodora; Eucalyptus maculata; Eucalyptus melissiodora; Eucalyptus variegata";8;5
Genciana;Gentiana lutea;;;;;;X;genciana;gentiana lutea;1;1
Girassol;Helianthus annuus;;;;;;X;"girassol; girassol-de-jardim; girassol-vistoso";"Helianthus annuus; Helianthus laetiflorus; Helianthus indicus";3;3
Hidraste;Hydrastis canadensis;;;;;;X;hidraste;hydrastis canadensis;1;1
Hortelã-do-brasil;Mentha arvensis;;;;;;X;hortela-do-brasil;Mentha arvensis;1;1
Jaborandi;Pilocarpus microphyllus;;;;;;X;"arruda; arruda-brava; jaborandi";Pilocarpus microphyllus;3;1
Jalapa;Operculina macrocarpa;;;;;;X;"amaro-leite; batata-de-purga; jalap; jalapinha; purga-da-batata; roda-de-batata; sipipira; cipo-purga; jalapa";"Operculina macrocarpa; Ipomoea operculata; Operculina convolvulus; Merremia macrocarpa; Merremia alata";9;5
Laranja-doce;Citrus sinensis;;;;;;X;"laranja; laranja-amarga; laranja-baia; laranja-pera; laranjeira; laranjeira-doce; laranja-comum; sweet-orange; laranjeira-da-china; laranja-doce";"Citrus sinensis; Citrus aurantium";10;2
Limão;Citrus limon;;;;;;X;"limao-eureka; limao-siciliano; limao; limao-cravo; limao-verdadeiro; limoeiro; limao-verde; lima; lemon; limao";"Citrus ×limon; Citrus limonum; Citrus limon; Citrus medica; Citrus ×bergamia; Citrus limonia; Citrus nobilis; Citrus lemon; Limon vulgaris; Limon vulgare";10;10
Manteiga de cacau;Theobroma cacao;;;;;;X;"cacau; cacau-da-mata; manteiga de cacau";"Theobroma cacao; Theobroma guianense";3;2
Meimendro;Hyoscyamus niger;;;;;;X;meimendro;hyoscyamus niger;1;1
Melaleuca;Melaleuca alternifolia;;;;;;X;"melaleuca; arvore-do-cha";"Melaleuca alternifolia; Melaleuca linariifolia";2;2
Noz-de-cola;Cola nitida / Cola vera;;;;;;X;"cipo-pau; ocaiman; macucu; macucu-peludo; maracuja-de-cheiro; noz-de-cola";"Davilla nitida; Passiflora nitida; Pachira minor; Coussapoa nitida; Roupala nitida; Duroia nitida; Aspidosperma nitidum; Hirtella racemosa; Hesperozygis nitida; Ladenbergia oblongifolia; Ipomoea nitida; Calea nitida; Annona nitida; Coccoloba marginata; Combretum gracile; Aglaonema nitidum; cola nitida; cola vera";6;18
Noz-moscada;Myristica fragrans;;;;;;X;"nuez-moscada; nutmeg-tree; noz-moscada; moscadeira";"Myristica fragrans; Myristica aromatica; Myristica officinalis; Myristica moschata";4;4
Noz-vômica;Strychnos nux-vomica;;;;;;X;noz-vomica;strychnos nux-vomica;1;1
Palma-rosa;Cymbopogon martini;;;;;;X;"capim-limao; capim-santo; capim-cidrao; cpim-limao; capim-catinga; capim-cheiroso; capim-cidreira; erva-cidreira; patchuli; palma-rosa";"Cymbopogon martini; Cymbopogon schoenanthus; Andropogon martini; Andropogon pachnodes; Andropogon schoenanthus; Cymbopogon citriodorus; Andropogon nardus; Cymbopogon martinianus; Andropogon versicolor";10;9
Quilaia;Quillaja saponaria;;;;;;X;quilaia;Quillaja saponaria;1;1
Quina-amarela;Cinchona calisaya;;;;;;X;quina-amarela;cinchona calisaya;1;1
Ratânia;Krameria lappacea / Krameria triandra;;;;;;X;ratania;"krameria lappacea; krameria triandra";1;2
Rauvolfia;Rauvolfia serpentina;;;;;;X;rauvolfia;rauvolfia serpentina;1;1
Ruibarbo;Rheum palmatum / Rheum officinale;;;;;;X;"ruibarbo; rhubarb; ruibarbaro; ruibarbo-da-china";"Rheum rhaponticum; Rheum palmatum; Rheum rhabarbarum; Rheum officinale";4;4
Tomilho;Thymus vulgaris;;;;;;X;"tomilho; common-thyme; garden-thyme; poejo; thym; serpao; serpolet";"Thymus vulgaris; Thymus serphyllum; Thymus angustifolius";7;3
Uva-ursi;Arctostaphylos uva-ursi;;;;;;X;uva-ursi;arctostaphylos uva-ursi;1;1
Hortelã;Mentha crispa / Mentha piperita / Mentha villosa;;;;;X;;hortela;"Mentha aquatica; Mentha piperita; mentha crispa; mentha villosa";1;4